{"cameraMode":{"drawMode":0,"name":"Shaded","section":"Shading Mode"},"sceneLighting":true,"audioPlay":false,"sceneViewState":{"showFog":true,"showMaterialUpdate":true,"showSkybox":true,"showFlares":true,"showImageEffects":true,"showParticleSystems":true},"in2DMode":false,"pivot":{"x":-0.6024258732795715,"y":2.8628346920013429,"z":1.6773386001586915},"rotation":{"x":0.03916366025805473,"y":0.018162313848733903,"z":0.0007156555657275021,"w":-0.9990674257278442},"size":17.676626205444337,"orthographic":false}